1,FEC_ID,STATE,STATE_ABBREVIATION,GENERAL_ELECTION_DATE,FIRST_NAME,LAST_NAME,LAST_NAME_FIRST,TOTAL_VOTES,PARTY,GENERAL_RESULTS,TOTAL_VOTES,GENERAL_PERCT,WINNER_INDICATOR
2,P80003353,Alabama,AL,11/6/2012,Mitt,Romney,"Romney, Mitt",,R,1255925,,60.55%,W
3,P80003338,Alabama,AL,11/6/2012,Barack,Obama,"Obama, Barack",,D,795696,,38.36%,
4,P20002671,Alabama,AL,11/6/2012,Gary,Johnson,"Johnson, Gary",,IND,12328,,0.59%,
5,n/a,Alabama,AL,11/6/2012,,Scattered,Scattered,,W,4011,,0.19%,
6,P20003984,Alabama,AL,11/6/2012,Jill,Stein,"Stein, Jill",,IND,3397,,0.16%,
7,P20004685,Alabama,AL,11/6/2012,"Virgil H., Jr.",Goode,"Goode, Virgil H., Jr.",,IND,2981,,0.14%,
9,P80003353,Alaska,AK,11/6/2012,Mitt,Romney,"Romney, Mitt",,R,164676,,54.80%,W
10,P80003338,Alaska,AK,11/6/2012,Barack,Obama,"Obama, Barack",,D,122640,,40.81%,
11,P20002671,Alaska,AK,11/6/2012,Gary,Johnson,"Johnson, Gary",,LIB,7392,,2.46%,
12,P20003984,Alaska,AK,11/6/2012,Jill,Stein,"Stein, Jill",,GRE,2917,,0.97%,
13,n/a,Alaska,AK,11/6/2012,,Scattered,Scattered,,W,2870,,0.96%,
15,P80003353,Arizona,AZ,11/6/2012,Mitt,Romney,"Romney, Mitt",,R,1233654,,53.65%,W
16,P80003338,Arizona,AZ,11/6/2012,Barack,Obama,"Obama, Barack",,D,1025232,,44.59%,
17,P20002671,Arizona,AZ,11/6/2012,Gary,Johnson,"Johnson, Gary",,LIB,32100,,1.40%,
18,P20003984,Arizona,AZ,11/6/2012,Jill,Stein,"Stein, Jill",,GRE,7816,,0.34%,
19,P20004685,Arizona,AZ,11/6/2012,Virgil,Goode,"Goode, Virgil",,W,289,,0.01%,
20,P20004263,Arizona,AZ,11/6/2012,"Ross C. ""Rocky""",Anderson,"Anderson, Ross C. ""Rocky""",,W,119,,0.01%,
21,P20003208,Arizona,AZ,11/6/2012,Jill,Reed,"Reed, Jill",,W,17,,0.00%,
22,P20005245,Arizona,AZ,11/6/2012,Will,Christensen,"Christensen, Will",,W,14,,0.00%,
23,P20002218,Arizona,AZ,11/6/2012,Dennis,Knill,"Knill, Dennis",,W,7,,0.00%,
24,P20002630,Arizona,AZ,11/6/2012,"Sheila ""Samm""",Tittle,"Tittle, Sheila ""Samm""",,W,6,,0.00%,
26,P80003353,Arkansas,AR,11/6/2012,Mitt,Romney,"Romney, Mitt",,R,647744,,60.57%,W
27,P80003338,Arkansas,AR,11/6/2012,Barack,Obama,"Obama, Barack",,D,394409,,36.88%,
28,P20002671,Arkansas,AR,11/6/2012,Gary,Johnson,"Johnson, Gary",,LIB,16276,,1.52%,
29,P20003984,Arkansas,AR,11/6/2012,Jill,Stein,"Stein, Jill",,GRE,9305,,0.87%,
30,P20004636,Arkansas,AR,11/6/2012,Peta,Lindsay,"Lindsay, Peta",,SLP,1734,,0.16%,
32,P80003338,California,CA,11/6/2012,Barack,Obama,"Obama, Barack",,D,7854285,,60.24%,W
33,P80003353,California,CA,11/6/2012,Mitt,Romney,"Romney, Mitt",,R,4839958,,37.12%,
34,P20002671,California,CA,11/6/2012,Gary,Johnson,"Johnson, Gary",,LIB,143221,,1.10%,
35,P20003984,California,CA,11/6/2012,Jill,Stein,"Stein, Jill",,GRE,85638,,0.66%,
36,P20002804,California,CA,11/6/2012,Roseanne,Barr,"Barr, Roseanne",,PFP,53824,,0.41%,
37,P20005260,California,CA,11/6/2012,Thomas,Hoefling,"Hoefling, Thomas",,AIP,38372,,0.29%,
38,P80000748,California,CA,11/6/2012,Ron,Paul,"Paul, Ron",,W,21461,,0.16%,
39,P20004263,California,CA,11/6/2012,"Ross C. ""Rocky""",Anderson,"Anderson, Ross C. ""Rocky""",,W,992,,0.01%,
40,P20004685,California,CA,11/6/2012,Virgil,Goode,"Goode, Virgil",,W,503,,0.00%,
41,P20003968,California,CA,11/6/2012,Stewart,Alexander,"Alexander, Stewart",,W,82,,0.00%,
42,P20004677,California,CA,11/6/2012,Jerry,White,"White, Jerry",,W,79,,0.00%,
43,P60004454,California,CA,11/6/2012,James,Harris,"Harris, James",,W,72,,0.00%,
44,P20004651,California,CA,11/6/2012,Stephen,Durham,"Durham, Stephen",,W,54,,0.00%,
45,P20002630,California,CA,11/6/2012,"Sheila ""Samm""",Tittle,"Tittle, Sheila ""Samm""",,W,6,,0.00%,
47,P80003338,Colorado,CO,11/6/2012,Barack,Obama,"Obama, Barack",,D,1323102,,51.49%,W
48,P80003353,Colorado,CO,11/6/2012,Mitt,Romney,"Romney, Mitt",,R,1185243,,46.13%,
49,P20002671,Colorado,CO,11/6/2012,Gary,Johnson,"Johnson, Gary",,LIB,35545,,1.38%,
50,P20003984,Colorado,CO,11/6/2012,Jill,Stein,"Stein, Jill",,GRE,7508,,0.29%,
51,P20004685,Colorado,CO,11/6/2012,"Virgil H., Jr.",Goode,"Goode, Virgil H., Jr.",,AMC,6234,,0.24%,
52,P20002804,Colorado,CO,11/6/2012,Roseanne,Barr,"Barr, Roseanne",,PFP,5059,,0.20%,
53,P20003208,Colorado,CO,11/6/2012,Jill,Reed,"Reed, Jill",,UN,2589,,0.10%,
54,P20004263,Colorado,CO,11/6/2012,"Ross C. ""Rocky""",Anderson,"Anderson, Ross C. ""Rocky""",,JUS,1260,,0.05%,
55,P20002630,Colorado,CO,11/6/2012,Sheila 'Samm',Tittle,"Tittle, Sheila 'Samm'",,WTP,792,,0.03%,
56,P20005260,Colorado,CO,11/6/2012,Tom,Hoefling,"Hoefling, Tom",,AMP,679,,0.03%,
57,P80005572,Colorado,CO,11/6/2012,Gloria,La Riva,"La Riva, Gloria",,SLP,317,,0.01%,
58,P20003968,Colorado,CO,11/6/2012,Stewart,Alexander,"Alexander, Stewart",,SUS,308,,0.01%,
59,P20004693,Colorado,CO,11/6/2012,Merlin,Miller,"Miller, Merlin",,ATP,266,,0.01%,
60,P80005655,Colorado,CO,11/6/2012,Thomas Robert,Stevens,"Stevens, Thomas Robert",,OBJ,235,,0.01%,
61,P60004454,Colorado,CO,11/6/2012,James,Harris,"Harris, James",,SWP,192,,0.01%,
62,P20004677,Colorado,CO,11/6/2012,Jerry,White,"White, Jerry",,SEP,189,,0.01%,
63,P20002424,Colorado,CO,11/6/2012,Randall,Terry,"Terry, Randall",,W,4,,0.00%,
65,P80003338,Connecticut,CT,11/6/2012,Barack,Obama,"Obama, Barack",,D,905083,,58.06%,W
66,P80003353,Connecticut,CT,11/6/2012,Mitt,Romney,"Romney, Mitt",,R,634892,,40.73%,
67,P20002671,Connecticut,CT,11/6/2012,Gary,Johnson,"Johnson, Gary",,LIB,12580,,0.81%,
68,P20004263,Connecticut,CT,11/6/2012,"Ross C. ""Rocky""",Anderson,"Anderson, Ross C. ""Rocky""",,IP,5487,,0.35%,
69,P20003984,Connecticut,CT,11/6/2012,Jill,Stein,"Stein, Jill",,W,863,,0.06%,
70,P20005260,Connecticut,CT,11/6/2012,Tom,Hoefling,"Hoefling, Tom",,W,25,,0.00%,
71,n/a,Connecticut,CT,11/6/2012,Gerald,Warner,"Warner, Gerald",,W,19,,0.00%,
72,P60004454,Connecticut,CT,11/6/2012,James E.,Harris,"Harris, James E.",,W,5,,0.00%,
73,n/a,Connecticut,CT,11/6/2012,Raymond,Sizemore,"Sizemore, Raymond",,W,5,,0.00%,
74,P20004651,Connecticut,CT,11/6/2012,Stephen,Durham,"Durham, Stephen",,W,1,,0.00%,
76,P80003338,Delaware,DE,11/6/2012,Barack,Obama,"Obama, Barack",,D,242584,,58.61%,W
77,P80003353,Delaware,DE,11/6/2012,Mitt,Romney,"Romney, Mitt",,R,165484,,39.98%,
78,P20002671,Delaware,DE,11/6/2012,Gary,Johnson,"Johnson, Gary",,LIB,3882,,0.94%,
79,P20003984,Delaware,DE,11/6/2012,Jill,Stein,"Stein, Jill",,GRE,1940,,0.47%,
80,P20004685,Delaware,DE,11/6/2012,Virgil,Goode,"Goode, Virgil",,W,23,,0.01%,
81,P20005260,Delaware,DE,11/6/2012,Tom,Hoefling,"Hoefling, Tom",,W,7,,0.00%,
82,P20003208,Delaware,DE,11/6/2012,Jill,Reed,"Reed, Jill",,W,1,,0.00%,
84,P80003338,District of Columbia,DC,11/6/2012,Barack,Obama,"Obama, Barack",,D,267070,,90.91%,W
85,P80003353,District of Columbia,DC,11/6/2012,Mitt,Romney,"Romney, Mitt",,R,21381,,7.28%,
86,P20003984,District of Columbia,DC,11/6/2012,Jill,Stein,"Stein, Jill",,DCG,2458,,0.84%,
87,P20002671,District of Columbia,DC,11/6/2012,Gary,Johnson,"Johnson, Gary",,LIB,2083,,0.71%,
88,n/a,District of Columbia,DC,11/6/2012,,Scattered,Scattered,,W,772,,0.26%,
90,P80003338,Florida,FL,11/6/2012,Barack,Obama,"Obama, Barack",,D,4237756,,50.01%,W
91,P80003353,Florida,FL,11/6/2012,Mitt,Romney,"Romney, Mitt",,R,4163447,,49.13%,
92,P20002671,Florida,FL,11/6/2012,Gary,Johnson,"Johnson, Gary",,LBF,44726,,0.53%,
93,P20003984,Florida,FL,11/6/2012,Jill,Stein,"Stein, Jill",,GPF,8947,,0.11%,
94,P20002804,Florida,FL,11/6/2012,Roseanne,Barr,"Barr, Roseanne",,PFF,8154,,0.10%,
95,P80005655,Florida,FL,11/6/2012,Thomas Robert,Stevens,"Stevens, Thomas Robert",,OBF,3856,,0.05%,
96,P20004685,Florida,FL,11/6/2012,"Virgil H., Jr.",Goode,"Goode, Virgil H., Jr.",,CPF,2607,,0.03%,
97,P20004263,Florida,FL,11/6/2012,"Ross C. ""Rocky""",Anderson,"Anderson, Ross C. ""Rocky""",,JPF,1754,,0.02%,
98,P20005260,Florida,FL,11/6/2012,Tom,Hoefling,"Hoefling, Tom",,APF,946,,0.01%,
99,P20002697,Florida,FL,11/6/2012,Andre,Barnett,"Barnett, Andre",,REF,820,,0.01%,
100,P20003968,Florida,FL,11/6/2012,Stewart,Alexander,"Alexander, Stewart",,SFL,799,,0.01%,
101,P20004636,Florida,FL,11/6/2012,Peta,Lindsay,"Lindsay, Peta",,SLF,322,,0.00%,
102,P20003208,Florida,FL,11/6/2012,Jill,Reed,"Reed, Jill",,W,36,,0.00%,
103,P20005252,Florida,FL,11/6/2012,Richard,Duncan,"Duncan, Richard",,W,3,,0.00%,
104,P20004651,Florida,FL,11/6/2012,Stephen G.,Durham,"Durham, Stephen G.",,W,3,,0.00%,
105,P20002648,Florida,FL,11/6/2012,Erin Kent,Magee,"Magee, Erin Kent",,W,2,,0.00%,
106,n/a,Florida,FL,11/6/2012,Andrew Charles,Coniglio,"Coniglio, Andrew Charles",,W,1,,0.00%,
108,P80003353,Georgia,GA,11/6/2012,Mitt,Romney,"Romney, Mitt",,R,2078688,,53.30%,W
109,P80003338,Georgia,GA,11/6/2012,Barack,Obama,"Obama, Barack",,D,1773827,,45.48%,
110,P20002671,Georgia,GA,11/6/2012,Gary,Johnson,"Johnson, Gary",,LIB,45324,,1.16%,
111,P20003984,Georgia,GA,11/6/2012,Jill,Stein,"Stein, Jill",,W,1516,,0.04%,
112,P20004685,Georgia,GA,11/6/2012,Virgil,Goode,"Goode, Virgil",,W,432,,0.01%,
113,P20004263,Georgia,GA,11/6/2012,"Ross C. ""Rocky""",Anderson,"Anderson, Ross C. ""Rocky""",,W,154,,0.00%,
114,P20002903,Georgia,GA,11/6/2012,Darrell,Hykes,"Hykes, Darrell",,W,55,,0.00%,
115,n/a,Georgia,GA,11/6/2012,Jill,Reid,"Reid, Jill",,W,30,,0.00%,
116,P60004454,Georgia,GA,11/6/2012,James,Harris,"Harris, James",,W,21,,0.00%,
117,n/a,Georgia,GA,11/6/2012,David C.,Byrne,"Byrne, David C.",,W,2,,0.00%,
118,P20002648,Georgia,GA,11/6/2012,Erin Kent,Magee,"Magee, Erin Kent",,W,1,,0.00%,
120,P80003338,Hawaii,HI,11/6/2012,Barack,Obama,"Obama, Barack",,D,306658,,70.55%,W
121,P80003353,Hawaii,HI,11/6/2012,Mitt,Romney,"Romney, Mitt",,R,121015,,27.84%,
122,P20002671,Hawaii,HI,11/6/2012,Gary,Johnson,"Johnson, Gary",,LIB,3840,,0.88%,
123,P20003984,Hawaii,HI,11/6/2012,Jill,Stein,"Stein, Jill",,GRE,3184,,0.73%,
125,P80003353,Idaho,ID,11/6/2012,Mitt,Romney,"Romney, Mitt",,R,420911,,64.53%,W
126,P80003338,Idaho,ID,11/6/2012,Barack,Obama,"Obama, Barack",,D,212787,,32.62%,
127,P20002671,Idaho,ID,11/6/2012,Gary,Johnson,"Johnson, Gary",,LIB,9453,,1.45%,
128,P20003984,Idaho,ID,11/6/2012,Jill,Stein,"Stein, Jill",,IND,4402,,0.67%,
129,P20004263,Idaho,ID,11/6/2012,"Ross C. ""Rocky""",Anderson,"Anderson, Ross C. ""Rocky""",,IND,2499,,0.38%,
130,P20004685,Idaho,ID,11/6/2012,Virgil H.,Goode,"Goode, Virgil H.",,CON,2222,,0.34%,
132,P80003338,Illinois,IL,11/6/2012,Barack,Obama,"Obama, Barack",,D,3019512,,57.60%,W
133,P80003353,Illinois,IL,11/6/2012,Mitt,Romney,"Romney, Mitt",,R,2135216,,40.73%,
134,P20002671,Illinois,IL,11/6/2012,Gary,Johnson,"Johnson, Gary",,LIB,56229,,1.07%,
135,P20003984,Illinois,IL,11/6/2012,Jill,Stein,"Stein, Jill",,GRE,30222,,0.58%,
136,P20004685,Illinois,IL,11/6/2012,"Virgil / Clymer, Jim",Goode,"Goode, Virgil / Clymer, Jim",,W,233,,0.00%,
137,P20004263,Illinois,IL,11/6/2012,"Ross C. ""Rocky""",Anderson,"Anderson, Ross C. ""Rocky""",,W,185,,0.00%,
138,P20004685,Illinois,IL,11/6/2012,Virgil,Goode,"Goode, Virgil",,W,182,,0.00%,
139,P20003208,Illinois,IL,11/6/2012,Jill,Reed,"Reed, Jill",,W,121,,0.00%,
140,P20005260,Illinois,IL,11/6/2012,Tom,Hoefling,"Hoefling, Tom",,W,22,,0.00%,
141,P20004974,Illinois,IL,11/6/2012,Michael,Hawkins,"Hawkins, Michael",,W,16,,0.00%,
142,n/a,Illinois,IL,11/6/2012,Tom,Cary,"Cary, Tom",,W,14,,0.00%,
143,P20003208,Illinois,IL,11/6/2012,"Jill / Cary, Tom",Reed,"Reed, Jill / Cary, Tom",,W,10,,0.00%,
144,P20004677,Illinois,IL,11/6/2012,Jerry,White,"White, Jerry",,W,8,,0.00%,
145,P20003836,Illinois,IL,11/6/2012,Cecil,Roth,"Roth, Cecil",,W,5,,0.00%,
146,n/a,Illinois,IL,11/6/2012,Phyllis,Scherrer,"Scherrer, Phyllis",,W,5,,0.00%,
147,n/a,Illinois,IL,11/6/2012,Jim,Clymer,"Clymer, Jim",,W,4,,0.00%,
148,n/a,Illinois,IL,11/6/2012,Barbara,Prokopich,"Prokopich, Barbara",,W,4,,0.00%,
149,P20004677,Illinois,IL,11/6/2012,"Jerry / Scherrer, Phyllis",White,"White, Jerry / Scherrer, Phyllis",,W,4,,0.00%,
150,P20005260,Illinois,IL,11/6/2012,"Tom / Ellis, Jonathan",Hoefling,"Hoefling, Tom / Ellis, Jonathan",,W,3,,0.00%,
151,P20002218,Illinois,IL,11/6/2012,Dennis,Knill,"Knill, Dennis",,W,3,,0.00%,
152,n/a,Illinois,IL,11/6/2012,Roy Wayne,Tyree,"Tyree, Roy Wayne",,W,3,,0.00%,
153,P20002580,Illinois,IL,11/6/2012,Paul,Chehade,"Chehade, Paul",,W,2,,0.00%,
154,P20002580,Illinois,IL,11/6/2012,"Paul / McAllister, Steve",Chehade,"Chehade, Paul / McAllister, Steve",,W,2,,0.00%,
155,P20004651,Illinois,IL,11/6/2012,"Stephen / Lopez, Christina",Durham,"Durham, Stephen / Lopez, Christina",,W,2,,0.00%,
156,n/a,Illinois,IL,11/6/2012,Lynn,Maxwell,"Maxwell, Lynn",,W,2,,0.00%,
157,n/a,Illinois,IL,11/6/2012,James T.,Struck,"Struck, James T.",,W,2,,0.00%,
158,P20004651,Illinois,IL,11/6/2012,Stephen,Durham,"Durham, Stephen",,W,1,,0.00%,
159,n/a,Illinois,IL,11/6/2012,Jonathan,Ellis,"Ellis, Jonathan",,W,1,,0.00%,
160,n/a,Illinois,IL,11/6/2012,Stephen James,Frost,"Frost, Stephen James",,W,1,,0.00%,
162,P80003353,Indiana,IN,11/6/2012,Mitt,Romney,"Romney, Mitt",,R,1420543,,54.13%,W
163,P80003338,Indiana,IN,11/6/2012,Barack,Obama,"Obama, Barack",,D,1152887,,43.93%,
164,P20002671,Indiana,IN,11/6/2012,Gary,Johnson,"Johnson, Gary",,LIB,50111,,1.91%,
165,P20003984,Indiana,IN,11/6/2012,Jill,Stein,"Stein, Jill",,W,625,,0.02%,
166,P20004685,Indiana,IN,11/6/2012,"Virgil H., Jr.",Goode,"Goode, Virgil H., Jr.",,W,290,,0.01%,
167,P20005260,Indiana,IN,11/6/2012,Tom,Hoefling,"Hoefling, Tom",,W,35,,0.00%,
168,P20003968,Indiana,IN,11/6/2012,Stewart,Alexander,"Alexander, Stewart",,W,17,,0.00%,
169,P20003208,Indiana,IN,11/6/2012,Jill,Reed,"Reed, Jill",,W,8,,0.00%,
170,P20002424,Indiana,IN,11/6/2012,Randall A.,Terry,"Terry, Randall A.",,W,8,,0.00%,
171,P20002218,Indiana,IN,11/6/2012,Dennis,Knill,"Knill, Dennis",,W,7,,0.00%,
172,P20002499,Indiana,IN,11/6/2012,"John A., Jr.",Dummett,"Dummett, John A., Jr.",,W,2,,0.00%,
173,P20004669,Indiana,IN,11/6/2012,Christina,Lopez,"Lopez, Christina",,W,1,,0.00%,
175,P80003338,Iowa,IA,11/6/2012,Barack,Obama,"Obama, Barack",,D,822544,,51.99%,W
176,P80003353,Iowa,IA,11/6/2012,Mitt,Romney,"Romney, Mitt",,R,730617,,46.18%,
177,P20002671,Iowa,IA,11/6/2012,Gary,Johnson,"Johnson, Gary",,LIB,12926,,0.82%,
178,n/a,Iowa,IA,11/6/2012,,Scattered,Scattered,,W,7442,,0.47%,
179,P20003984,Iowa,IA,11/6/2012,Jill,Stein,"Stein, Jill",,IG,3769,,0.24%,
180,P20004685,Iowa,IA,11/6/2012,Virgil,Goode,"Goode, Virgil",,CON,3038,,0.19%,
181,P20005278,Iowa,IA,11/6/2012,Jerry,Litzel,"Litzel, Jerry",,NP,1027,,0.06%,
182,P60004454,Iowa,IA,11/6/2012,James,Harris,"Harris, James",,SWP,445,,0.03%,
183,P80005572,Iowa,IA,11/6/2012,Gloria,La Riva,"La Riva, Gloria",,PSL,372,,0.02%,
185,P80003353,Kansas,KS,11/6/2012,Mitt,Romney,"Romney, Mitt",,R,692634,,59.71%,W
186,P80003338,Kansas,KS,11/6/2012,Barack,Obama,"Obama, Barack",,D,440726,,37.99%,
187,P20002671,Kansas,KS,11/6/2012,Gary,Johnson,"Johnson, Gary",,LIB,20456,,1.76%,
188,P80005499,Kansas,KS,11/6/2012,Chuck,Baldwin,"Baldwin, Chuck",,REF,5017,,0.43%,
189,P20003984,Kansas,KS,11/6/2012,Jill E.,Stein,"Stein, Jill E.",,W,714,,0.06%,
190,P20004685,Kansas,KS,11/6/2012,Virgil,Goode,"Goode, Virgil",,W,187,,0.02%,
191,P20004263,Kansas,KS,11/6/2012,"Ross ""Rocky"" C.",Anderson,"Anderson, Ross ""Rocky"" C.",,W,95,,0.01%,
192,P20002804,Kansas,KS,11/6/2012,Roseanne C.,Barr,"Barr, Roseanne C.",,W,58,,0.01%,
193,n/a,Kansas,KS,11/6/2012,Kent W.,Bush,"Bush, Kent W.",,W,48,,0.00%,
194,P20002697,Kansas,KS,11/6/2012,Andre,Barnett,"Barnett, Andre",,W,19,,0.00%,
195,P20005260,Kansas,KS,11/6/2012,Tom,Hoefling,"Hoefling, Tom",,W,12,,0.00%,
196,P20003208,Kansas,KS,11/6/2012,Jill A.,Reed,"Reed, Jill A.",,W,4,,0.00%,
197,P20005245,Kansas,KS,11/6/2012,Will,Christensen,"Christensen, Will",,W,1,,0.00%,
199,P80003353,Kentucky,KY,11/6/2012,Mitt,Romney,"Romney, Mitt",,R,1087190,,60.49%,W
200,P80003338,Kentucky,KY,11/6/2012,Barack,Obama,"Obama, Barack",,D,679370,,37.80%,
201,P20002671,Kentucky,KY,11/6/2012,Gary,Johnson,"Johnson, Gary",,LIB,17063,,0.95%,
202,P20002424,Kentucky,KY,11/6/2012,Randall A.,Terry,"Terry, Randall A.",,IND,6872,,0.38%,
203,P20003984,Kentucky,KY,11/6/2012,Jill,Stein,"Stein, Jill",,GRE,6337,,0.35%,
204,P20004685,Kentucky,KY,11/6/2012,Virgil,Goode,"Goode, Virgil",,W,245,,0.01%,
205,P20004263,Kentucky,KY,11/6/2012,"Ross C. ""Rocky""",Anderson,"Anderson, Ross C. ""Rocky""",,W,60,,0.00%,
206,P20005252,Kentucky,KY,11/6/2012,Richard,Duncan,"Duncan, Richard",,W,37,,0.00%,
207,P20005260,Kentucky,KY,11/6/2012,Tom,Hoefling,"Hoefling, Tom",,W,30,,0.00%,
208,P20004677,Kentucky,KY,11/6/2012,Jerry,White,"White, Jerry",,W,4,,0.00%,
209,P20004651,Kentucky,KY,11/6/2012,Stephen,Durham,"Durham, Stephen",,W,2,,0.00%,
210,n/a,Kentucky,KY,11/6/2012,Louis Todd,House,"House, Louis Todd",,W,1,,0.00%,
211,P20002218,Kentucky,KY,11/6/2012,Dennis,Knill,"Knill, Dennis",,W,1,,0.00%,
213,P80003353,Louisiana,LA,11/6/2012,Mitt,Romney,"Romney, Mitt",,R,1152262,,57.78%,W
214,P80003338,Louisiana,LA,11/6/2012,Barack,Obama,"Obama, Barack",,D,809141,,40.58%,
215,P20002671,Louisiana,LA,11/6/2012,Gary,Johnson,"Johnson, Gary",,LIB,18157,,0.91%,
216,P20003984,Louisiana,LA,11/6/2012,Jill,Stein,"Stein, Jill",,GRE,6978,,0.35%,
217,P20004685,Louisiana,LA,11/6/2012,Virgil,Goode,"Goode, Virgil",,CON,2508,,0.13%,
218,P20002630,Louisiana,LA,11/6/2012,Sheila,Tittle,"Tittle, Sheila",,WTP,1767,,0.09%,
219,P20004263,Louisiana,LA,11/6/2012,Ross,Anderson,"Anderson, Ross",,JUS,1368,,0.07%,
220,P20004636,Louisiana,LA,11/6/2012,Peta,Lindsay,"Lindsay, Peta",,SLP,622,,0.03%,
221,P20000089,Louisiana,LA,11/6/2012,Jack,Fellure,"Fellure, Jack",,P,518,,0.03%,
222,P60004454,Louisiana,LA,11/6/2012,James,Harris,"Harris, James",,SWP,389,,0.02%,
223,P20004677,Louisiana,LA,11/6/2012,Jerry,White,"White, Jerry",,SEP,355,,0.02%,
225,P80003338,Maine,ME,11/6/2012,Barack,Obama,"Obama, Barack",,D,401306,,56.27%,W
226,P80003353,Maine,ME,11/6/2012,Mitt,Romney,"Romney, Mitt",,R,292276,,40.98%,
227,P20002671,Maine,ME,11/6/2012,Gary E.,Johnson,"Johnson, Gary E.",,LIB,9352,,1.31%,
228,P20003984,Maine,ME,11/6/2012,Jill,Stein,"Stein, Jill",,GI,8119,,1.14%,
229,P80000748,Maine,ME,11/6/2012,Ronald E.,Paul,"Paul, Ronald E.",,W,2035,,0.29%,
230,P20004263,Maine,ME,11/6/2012,Ross C.,Anderson,"Anderson, Ross C.",,W,62,,0.01%,
231,P20003208,Maine,ME,11/6/2012,Jill Ann,Reed,"Reed, Jill Ann",,W,30,,0.00%,
233,P80003338,Maryland,MD,11/6/2012,Barack,Obama,"Obama, Barack",,D,1677844,,61.97%,W
234,P80003353,Maryland,MD,11/6/2012,Mitt,Romney,"Romney, Mitt",,R,971869,,35.90%,
235,P20002671,Maryland,MD,11/6/2012,Gary,Johnson,"Johnson, Gary",,LIB,30195,,1.12%,
236,P20003984,Maryland,MD,11/6/2012,Jill,Stein,"Stein, Jill",,GRE,17110,,0.63%,
237,n/a,Maryland,MD,11/6/2012,,Other,Other,,W,8788,,0.32%,
238,P20005146,Maryland,MD,11/6/2012,Santa,Claus,"Claus, Santa",,W,625,,0.02%,
239,P20004685,Maryland,MD,11/6/2012,Virgil,Goode,"Goode, Virgil",,W,418,,0.02%,
240,P20004263,Maryland,MD,11/6/2012,"Ross C. ""Rocky""",Anderson,"Anderson, Ross C. ""Rocky""",,W,204,,0.01%,
241,P20002804,Maryland,MD,11/6/2012,Roseanne,Barr,"Barr, Roseanne",,W,64,,0.00%,
242,n/a,Maryland,MD,11/6/2012,James,Clymer,"Clymer, James",,W,35,,0.00%,
243,P20004693,Maryland,MD,11/6/2012,Merlin,Miller,"Miller, Merlin",,W,26,,0.00%,
244,P20002697,Maryland,MD,11/6/2012,Andre,Barnett,"Barnett, Andre",,W,19,,0.00%,
245,P20004651,Maryland,MD,11/6/2012,Stephen,Durham,"Durham, Stephen",,W,19,,0.00%,
246,P20004750,Maryland,MD,11/6/2012,Tiffany Renee,Briscoe,"Briscoe, Tiffany Renee",,W,18,,0.00%,
247,n/a,Maryland,MD,11/6/2012,Matthew,Lydick,"Lydick, Matthew",,W,18,,0.00%,
248,P20005252,Maryland,MD,11/6/2012,Richard,Duncan,"Duncan, Richard",,W,15,,0.00%,
249,P20002580,Maryland,MD,11/6/2012,Paul,Chehade,"Chehade, Paul",,W,13,,0.00%,
250,n/a,Maryland,MD,11/6/2012,"Fred Donald, Jr.",Dickson,"Dickson, Fred Donald, Jr.",,W,8,,0.00%,
251,P20003869,Maryland,MD,11/6/2012,David M.,Crosby,"Crosby, David M.",,W,7,,0.00%,
252,P20002903,Maryland,MD,11/6/2012,Darrell,Hykes,"Hykes, Darrell",,W,7,,0.00%,
253,P20003208,Maryland,MD,11/6/2012,Jill,Reed,"Reed, Jill",,W,7,,0.00%,
254,n/a,Maryland,MD,11/6/2012,Michael David,Boyles,"Boyles, Michael David",,W,5,,0.00%,
255,n/a,Maryland,MD,11/6/2012,Nelson,Keyton,"Keyton, Nelson",,W,3,,0.00%,
256,n/a,Maryland,MD,11/6/2012,Dwight Kenneth,French,"French, Dwight Kenneth",,W,2,,0.00%,
257,P20002218,Maryland,MD,11/6/2012,Dennis,Knill,"Knill, Dennis",,W,2,,0.00%,
258,n/a,Maryland,MD,11/6/2012,Barbara A.,Prokopich,"Prokopich, Barbara A.",,W,2,,0.00%,
259,n/a,Maryland,MD,11/6/2012,Robert William,Dietz,"Dietz, Robert William",,W,1,,0.00%,
260,P20004172,Maryland,MD,11/6/2012,Dean,Morstad,"Morstad, Dean",,W,1,,0.00%,
261,P20004149,Maryland,MD,11/6/2012,Terrance James,O'Hara,"O'Hara, Terrance James",,W,1,,0.00%,
262,P20003836,Maryland,MD,11/6/2012,Cecil James,Roth,"Roth, Cecil James",,W,1,,0.00%,
264,P80003338,Massachusetts,MA,11/6/2012,Barack,Obama,"Obama, Barack",,D,1921290,,60.65%,W
265,P80003353,Massachusetts,MA,11/6/2012,Mitt,Romney,"Romney, Mitt",,R,1188314,,37.51%,
266,P20002671,Massachusetts,MA,11/6/2012,Gary,Johnson,"Johnson, Gary",,LIB,30920,,0.98%,
267,P20003984,Massachusetts,MA,11/6/2012,Jill,Stein,"Stein, Jill",,GR,20691,,0.65%,
268,n/a,Massachusetts,MA,11/6/2012,,All Others,All Others,,W,6552,,0.21%,
270,P80003338,Michigan,MI,11/6/2012,Barack,Obama,"Obama, Barack",,D,2564569,,54.21%,W
271,P80003353,Michigan,MI,11/6/2012,Mitt,Romney,"Romney, Mitt",,R,2115256,,44.71%,
272,P20003984,Michigan,MI,11/6/2012,Jill,Stein,"Stein, Jill",,GRE,21897,,0.46%,
273,P20004685,Michigan,MI,11/6/2012,"Virgil, Jr.",Goode,"Goode, Virgil, Jr.",,UST,16119,,0.34%,
274,P20002671,Michigan,MI,11/6/2012,Gary,Johnson,"Johnson, Gary",,W,7774,,0.16%,
275,P20004263,Michigan,MI,11/6/2012,Ross,Anderson,"Anderson, Ross",,NLP,5147,,0.11%,
276,P20003968,Michigan,MI,11/6/2012,Stewart,Alexander,"Alexander, Stewart",,W,89,,0.00%,
277,P20004677,Michigan,MI,11/6/2012,Jerry,White,"White, Jerry",,W,68,,0.00%,
278,P20005260,Michigan,MI,11/6/2012,Tom,Hoefling,"Hoefling, Tom",,W,42,,0.00%,
280,P80003338,Minnesota,MN,11/6/2012,Barack,Obama,"Obama, Barack",,D,1546167,,52.65%,W
281,P80003353,Minnesota,MN,11/6/2012,Mitt,Romney,"Romney, Mitt",,R,1320225,,44.96%,
282,P20002671,Minnesota,MN,11/6/2012,Gary,Johnson,"Johnson, Gary",,LIB,35098,,1.20%,
283,P20003984,Minnesota,MN,11/6/2012,Jill,Stein,"Stein, Jill",,GRE,13023,,0.44%,
284,n/a,Minnesota,MN,11/6/2012,,Scattered,Scattered,,W,10533,,0.36%,
285,P20004685,Minnesota,MN,11/6/2012,Virgil,Goode,"Goode, Virgil",,CON,3722,,0.13%,
286,n/a,Minnesota,MN,11/6/2012,Jim,Carlson,"Carlson, Jim",,GRT,3149,,0.11%,
287,P20004263,Minnesota,MN,11/6/2012,"Ross C. ""Rocky""",Anderson,"Anderson, Ross C. ""Rocky""",,JUS,1996,,0.07%,
288,P20004172,Minnesota,MN,11/6/2012,Dean,Morstad,"Morstad, Dean",,CG,1092,,0.04%,
289,P60004454,Minnesota,MN,11/6/2012,James,Harris,"Harris, James",,SWP,1051,,0.04%,
290,P20004636,Minnesota,MN,11/6/2012,Peta,Lindsay,"Lindsay, Peta",,SLP,397,,0.01%,
291,P20002804,Minnesota,MN,11/6/2012,Roseanne,Barr,"Barr, Roseanne",,W,46,,0.00%,
292,n/a,Minnesota,MN,11/6/2012,Barbara,Prokopich,"Prokopich, Barbara",,W,35,,0.00%,
293,P20005260,Minnesota,MN,11/6/2012,Tom,Hoefling,"Hoefling, Tom",,W,14,,0.00%,
294,P20003208,Minnesota,MN,11/6/2012,Jill,Reed,"Reed, Jill",,W,8,,0.00%,
295,P20002697,Minnesota,MN,11/6/2012,Andre,Barnett,"Barnett, Andre",,W,4,,0.00%,
296,P20005245,Minnesota,MN,11/6/2012,Will,Christensen,"Christensen, Will",,W,1,,0.00%,
298,P80003353,Mississippi,MS,11/6/2012,Mitt,Romney,"Romney, Mitt",,R,710746,,55.29%,W
299,P80003338,Mississippi,MS,11/6/2012,Barack,Obama,"Obama, Barack",,D,562949,,43.79%,
300,P20002671,Mississippi,MS,11/6/2012,Gary,Johnson,"Johnson, Gary",,LIB,6676,,0.52%,
301,P20004685,Mississippi,MS,11/6/2012,Virgil,Goode,"Goode, Virgil",,CON,2609,,0.20%,
302,P20003984,Mississippi,MS,11/6/2012,Jill A.,Stein,"Stein, Jill A.",,GRE,1588,,0.12%,
303,P20005286,Mississippi,MS,11/6/2012,Barbara Dale,Washer,"Washer, Barbara Dale",,REF,1016,,0.08%,
305,P80003353,Missouri,MO,11/6/2012,Mitt,Romney,"Romney, Mitt",,R,1482440,,53.76%,W
306,P80003338,Missouri,MO,11/6/2012,Barack,Obama,"Obama, Barack",,D,1223796,,44.38%,
307,P20002671,Missouri,MO,11/6/2012,Gary,Johnson,"Johnson, Gary",,LIB,43151,,1.56%,
308,P20004685,Missouri,MO,11/6/2012,Virgil,Goode,"Goode, Virgil",,CON,7936,,0.29%,
310,P80003353,Montana,MT,11/6/2012,Mitt,Romney,"Romney, Mitt",,R,267928,,55.35%,W
311,P80003338,Montana,MT,11/6/2012,Barack,Obama,"Obama, Barack",,D,201839,,41.70%,
312,P20002671,Montana,MT,11/6/2012,Gary,Johnson,"Johnson, Gary",,LIB,14165,,2.93%,
313,P20004263,Montana,MT,11/6/2012,"Ross C. ""Rocky""",Anderson,"Anderson, Ross C. ""Rocky""",,W,59,,0.01%,
314,P20004685,Montana,MT,11/6/2012,Virgil,Goode,"Goode, Virgil",,W,39,,0.01%,
315,P20002804,Montana,MT,11/6/2012,Roseanne,Barr,"Barr, Roseanne",,W,6,,0.00%,
316,P20005260,Montana,MT,11/6/2012,Tom,Hoefling,"Hoefling, Tom",,W,5,,0.00%,
317,P20003968,Montana,MT,11/6/2012,Stewart,Alexander,"Alexander, Stewart",,W,4,,0.00%,
318,P20002697,Montana,MT,11/6/2012,Andre,Barnett,"Barnett, Andre",,W,2,,0.00%,
319,n/a,Montana,MT,11/6/2012,Alexis,Logsdon,"Logsdon, Alexis",,W,1,,0.00%,
321,P80003353,Nebraska,NE,11/6/2012,Mitt,Romney,"Romney, Mitt",,R,475064,,59.80%,W
322,P80003338,Nebraska,NE,11/6/2012,Barack,Obama,"Obama, Barack",,D,302081,,38.03%,
323,P20002671,Nebraska,NE,11/6/2012,Gary,Johnson,"Johnson, Gary",,LIB,11109,,1.40%,
324,n/a,Nebraska,NE,11/6/2012,,Scattered,Scattered,,W,3717,,0.47%,
325,P20002424,Nebraska,NE,11/6/2012,Randall A.,Terry,"Terry, Randall A.",,BP,2408,,0.30%,
327,P80003338,Nevada,NV,11/6/2012,Barack,Obama,"Obama, Barack",,D,531373,,52.36%,W
328,P80003353,Nevada,NV,11/6/2012,Mitt,Romney,"Romney, Mitt",,R,463567,,45.68%,
329,P20002671,Nevada,NV,11/6/2012,Gary,Johnson,"Johnson, Gary",,LIB,10968,,1.08%,
330,n/a,Nevada,NV,11/6/2012,,None of These Candidates,None of These Candidates,,,5770,,0.57%,
331,P20004685,Nevada,NV,11/6/2012,Virgil,Goode,"Goode, Virgil",,IAP,3240,,0.32%,
333,P80003338,New Hampshire,NH,11/6/2012,Barack,Obama,"Obama, Barack",,D,369561,,51.98%,W
334,P80003353,New Hampshire,NH,11/6/2012,Mitt,Romney,"Romney, Mitt",,R,329918,,46.40%,
335,P20002671,New Hampshire,NH,11/6/2012,Gary,Johnson,"Johnson, Gary",,LIB,8212,,1.16%,
336,P80000748,New Hampshire,NH,11/6/2012,Ron,Paul,"Paul, Ron",,W,1374,,0.19%,
337,n/a,New Hampshire,NH,11/6/2012,,Scattered,Scattered,,W,875,,0.12%,
338,P20004685,New Hampshire,NH,11/6/2012,Virgil,Goode,"Goode, Virgil",,CON,708,,0.10%,
339,P20003984,New Hampshire,NH,11/6/2012,Jill,Stein,"Stein, Jill",,W,324,,0.05%,
341,P80003338,New Jersey,NJ,11/6/2012,Barack,Obama,"Obama, Barack",,D,2125101,,58.38%,W
342,P80003353,New Jersey,NJ,11/6/2012,Mitt,Romney,"Romney, Mitt",,R,1477568,,40.59%,
343,P20002671,New Jersey,NJ,11/6/2012,Gary,Johnson,"Johnson, Gary",,LIB,21045,,0.58%,
344,P20003984,New Jersey,NJ,11/6/2012,Jill,Stein,"Stein, Jill",,GRE,9888,,0.27%,
345,P20004685,New Jersey,NJ,11/6/2012,Virgil,Goode,"Goode, Virgil",,CON,2064,,0.06%,
346,P20004263,New Jersey,NJ,11/6/2012,Ross C. (Rocky),Anderson,"Anderson, Ross C. (Rocky)",,NJJ,1724,,0.05%,
347,P80005077,New Jersey,NJ,11/6/2012,Jeff,Boss,"Boss, Jeff",,NSA,1007,,0.03%,
348,P60004454,New Jersey,NJ,11/6/2012,James,Harris,"Harris, James",,SWP,710,,0.02%,
349,P20004693,New Jersey,NJ,11/6/2012,Merlin,Miller,"Miller, Merlin",,ATP,664,,0.02%,
350,P20004636,New Jersey,NJ,11/6/2012,Peta,Lindsay,"Lindsay, Peta",,SLP,521,,0.01%,
352,P80003338,New Mexico,NM,11/6/2012,Barack,Obama,"Obama, Barack",,D,415335,,52.99%,W
353,P80003353,New Mexico,NM,11/6/2012,Mitt,Romney,"Romney, Mitt",,R,335788,,42.84%,
354,P20002671,New Mexico,NM,11/6/2012,Gary,Johnson,"Johnson, Gary",,LIB,27788,,3.55%,
355,P20003984,New Mexico,NM,11/6/2012,Jill,Stein,"Stein, Jill",,GRE,2691,,0.34%,
356,P20004263,New Mexico,NM,11/6/2012,"Ross C. ""Rocky""",Anderson,"Anderson, Ross C. ""Rocky""",,NMI,1174,,0.15%,
357,P20004685,New Mexico,NM,11/6/2012,Virgil,Goode,"Goode, Virgil",,CON,982,,0.13%,
359,P80003338,New York,NY,11/6/2012,Barack,Obama,"Obama, Barack",,D,4485741,,63.35%,W
360,P80003338,New York,NY,11/6/2012,Barack,Obama,"Obama, Barack",,D,"[4,337,622]",,61.26%,
361,P80003338,New York,NY,11/6/2012,Barack,Obama,"Obama, Barack",,WF,"[148,119]",,2.09%,
362,P80003353,New York,NY,11/6/2012,Mitt,Romney,"Romney, Mitt",,Combined Parties:,2490431,,35.17%,
363,P80003353,New York,NY,11/6/2012,Mitt,Romney,"Romney, Mitt",,R,"[2,228,060]",,31.46%,
364,P80003353,New York,NY,11/6/2012,Mitt,Romney,"Romney, Mitt",,CRV,"[262,371]",,3.71%,
365,P20002671,New York,NY,11/6/2012,Gary,Johnson,"Johnson, Gary",,LIB,47256,,0.67%,
366,P20003984,New York,NY,11/6/2012,Jill,Stein,"Stein, Jill",,GRE,39982,,0.56%,
367,n/a,New York,NY,11/6/2012,,Scattered,Scattered,,W,9076,,0.13%,
368,P20004685,New York,NY,11/6/2012,Virgil,Goode,"Goode, Virgil",,CON,6274,,0.09%,
369,P20004636,New York,NY,11/6/2012,Peta,Lindsay,"Lindsay, Peta",,SLP,2050,,0.03%,
370,P20004263,New York,NY,11/6/2012,Ross C.,Anderson,"Anderson, Ross C.",,W,217,,0.00%,
371,P20004651,New York,NY,11/6/2012,Stephen,Durham,"Durham, Stephen",,W,34,,0.00%,
372,P20005260,New York,NY,11/6/2012,Tom,Hoefling,"Hoefling, Tom",,W,34,,0.00%,
373,P60004454,New York,NY,11/6/2012,James,Harris,"Harris, James",,W,27,,0.00%,
374,P20004677,New York,NY,11/6/2012,Jerry,White,"White, Jerry",,W,19,,0.00%,
375,P20003208,New York,NY,11/6/2012,Jill,Reed,"Reed, Jill",,W,12,,0.00%,
376,P20004693,New York,NY,11/6/2012,Merlin,Miller,"Miller, Merlin",,W,6,,0.00%,
378,P80003353,North Carolina,NC,11/6/2012,Mitt,Romney,"Romney, Mitt",,R,2270395,,50.39%,W
379,P80003338,North Carolina,NC,11/6/2012,Barack,Obama,"Obama, Barack",,D,2178391,,48.35%,
380,P20002671,North Carolina,NC,11/6/2012,Gary,Johnson,"Johnson, Gary",,LIB,44515,,0.99%,
381,n/a,North Carolina,NC,11/6/2012,,Scattered,Scattered,,W,11537,,0.26%,
382,P20004685,North Carolina,NC,11/6/2012,Virgil,Goode,"Goode, Virgil",,W,534,,0.01%,
384,P80003353,North Dakota,ND,11/6/2012,Mitt,Romney,"Romney, Mitt",,R,188163,,58.32%,W
385,P80003338,North Dakota,ND,11/6/2012,Barack,Obama,"Obama, Barack",,DNL,124827,,38.69%,
386,P20002671,North Dakota,ND,11/6/2012,Gary,Johnson,"Johnson, Gary",,LIB,5231,,1.62%,
387,n/a,North Dakota,ND,11/6/2012,,Scattered,Scattered,,W,1860,,0.58%,
388,P20003984,North Dakota,ND,11/6/2012,Jill,Stein,"Stein, Jill",,GRE,1361,,0.42%,
389,P20004685,North Dakota,ND,11/6/2012,Virgil,Goode,"Goode, Virgil",,CON,1185,,0.37%,
391,P80003338,Ohio,OH,11/6/2012,Barack,Obama,"Obama, Barack",,D,2827709,,50.67%,W
392,P80003353,Ohio,OH,11/6/2012,Mitt,Romney,"Romney, Mitt",,R,2661437,,47.69%,
393,P20002671,Ohio,OH,11/6/2012,Gary,Johnson,"Johnson, Gary",,LIB,49493,,0.89%,
394,P20003984,Ohio,OH,11/6/2012,Jill,Stein,"Stein, Jill",,GRE,18573,,0.33%,
395,P20005252,Ohio,OH,11/6/2012,Richard,Duncan,"Duncan, Richard",,IND,12502,,0.22%,
396,P20004685,Ohio,OH,11/6/2012,Virgil,Goode,"Goode, Virgil",,CON,8152,,0.15%,
397,P20003968,Ohio,OH,11/6/2012,Stewart,Alexander,"Alexander, Stewart",,SUS,2944,,0.05%,
399,P20003208,Ohio,OH,11/6/2012,Jill,Reed,"Reed, Jill",,W,14,,0.00%,
398,n/a,Ohio,OH,11/6/2012,Mike,Vargo,"Vargo, Mike",,W,13,,0.00%,
400,P20002424,Ohio,OH,11/6/2012,Randall,Terry,"Terry, Randall",,W,9,,0.00%,
401,n/a,Ohio,OH,11/6/2012,Susan,Daniels,"Daniels, Susan",,W,1,,0.00%,
402,n/a,Ohio,OH,11/6/2012,Nelson,Keyton,"Keyton, Nelson",,W,0,,0.00%,
404,P80003353,Oklahoma,OK,11/6/2012,Mitt,Romney,"Romney, Mitt",,R,891325,,66.77%,W
405,P80003338,Oklahoma,OK,11/6/2012,Barack,Obama,"Obama, Barack",,D,443547,,33.23%,
407,P80003338,Oregon,OR,11/6/2012,Barack,Obama,"Obama, Barack",,D,970488,,54.24%,W
408,P80003353,Oregon,OR,11/6/2012,Mitt,Romney,"Romney, Mitt",,R,754175,,42.15%,
409,P20002671,Oregon,OR,11/6/2012,Gary,Johnson,"Johnson, Gary",,LIB,24089,,1.35%,
410,P20003984,Oregon,OR,11/6/2012,Jill,Stein,"Stein, Jill",,PG,19427,,1.09%,
411,n/a,Oregon,OR,11/6/2012,,Miscellaneous,Miscellaneous,,W,13275,,0.74%,
412,P20005245,Oregon,OR,11/6/2012,Will,Christensen,"Christensen, Will",,CON,4432,,0.25%,
413,P20004263,Oregon,OR,11/6/2012,Ross C. (Rocky),Anderson,"Anderson, Ross C. (Rocky)",,PRO,3384,,0.19%,
415,P80003338,Pennsylvania,PA,11/6/2012,Barack,Obama,"Obama, Barack",,D,2990274,,51.97%,W
416,P80003353,Pennsylvania,PA,11/6/2012,Mitt,Romney,"Romney, Mitt",,R,2680434,,46.59%,
417,P20002671,Pennsylvania,PA,11/6/2012,Gary,Johnson,"Johnson, Gary",,LIB,49991,,0.87%,
418,P20003984,Pennsylvania,PA,11/6/2012,Jill,Stein,"Stein, Jill",,GRE,21341,,0.37%,
419,n/a,Pennsylvania,PA,11/6/2012,,Scattered,Scattered,,W,11219,,0.19%,
420,P20004685,Pennsylvania,PA,11/6/2012,Virgil,Goode,"Goode, Virgil",,W,383,,0.01%,
421,P20005260,Pennsylvania,PA,11/6/2012,Tom,Hoefling,"Hoefling, Tom",,W,28,,0.00%,
423,P80003338,Rhode Island,RI,11/6/2012,Barack,Obama,"Obama, Barack",,D,279677,,62.70%,W
424,P80003353,Rhode Island,RI,11/6/2012,Mitt,Romney,"Romney, Mitt",,R,157204,,35.24%,
425,P20002671,Rhode Island,RI,11/6/2012,Gary,Johnson,"Johnson, Gary",,LIB,4388,,0.98%,
426,P20003984,Rhode Island,RI,11/6/2012,Jill,Stein,"Stein, Jill",,GRE,2421,,0.54%,
427,n/a,Rhode Island,RI,11/6/2012,,Scattered,Scattered,,W,686,,0.15%,
428,P80000748,Rhode Island,RI,11/6/2012,Ron,Paul,"Paul, Ron",,W,617,,0.14%,
429,P20004685,Rhode Island,RI,11/6/2012,Virgil,Goode,"Goode, Virgil",,CON,430,,0.10%,
430,P20004263,Rhode Island,RI,11/6/2012,"Ross C. ""Rocky""",Anderson,"Anderson, Ross C. ""Rocky""",,JUS,416,,0.09%,
431,P20004636,Rhode Island,RI,11/6/2012,Peta,Lindsay,"Lindsay, Peta",,SLP,132,,0.03%,
432,P00003392,Rhode Island,RI,11/6/2012,Hillary,Clinton,"Clinton, Hillary",,W,64,,0.01%,
433,n/a,Rhode Island,RI,11/6/2012,Mickey,Mouse,"Mouse, Mickey",,W,14,,0.00%,
435,P80003353,South Carolina,SC,11/6/2012,Mitt,Romney,"Romney, Mitt",,R,1071645,,54.56%,W
436,P80003338,South Carolina,SC,11/6/2012,Barack,Obama,"Obama, Barack",,D,865941,,44.09%,
437,P20002671,South Carolina,SC,11/6/2012,Gary,Johnson,"Johnson, Gary",,LIB,16321,,0.83%,
438,P20003984,South Carolina,SC,11/6/2012,Jill,Stein,"Stein, Jill",,GRE,5446,,0.28%,
439,P20004685,South Carolina,SC,11/6/2012,Virgil,Goode,"Goode, Virgil",,CON,4765,,0.24%,
441,P80003353,South Dakota,SD,11/6/2012,Mitt,Romney,"Romney, Mitt",,R,210610,,57.89%,W
442,P80003338,South Dakota,SD,11/6/2012,Barack,Obama,"Obama, Barack",,D,145039,,39.87%,
443,P20002671,South Dakota,SD,11/6/2012,Gary,Johnson,"Johnson, Gary",,LIB,5795,,1.59%,
444,P20004685,South Dakota,SD,11/6/2012,Virgil,Goode,"Goode, Virgil",,CON,2371,,0.65%,
446,P80003353,Tennessee,TN,11/6/2012,Mitt,Romney,"Romney, Mitt",,R,1462330,,59.48%,W
447,P80003338,Tennessee,TN,11/6/2012,Barack,Obama,"Obama, Barack",,D,960709,,39.08%,
448,P20002671,Tennessee,TN,11/6/2012,Gary,Johnson,"Johnson, Gary",,IND,18623,,0.76%,
449,P20003984,Tennessee,TN,11/6/2012,Jill,Stein,"Stein, Jill",,GRE,6515,,0.26%,
450,P20004685,Tennessee,TN,11/6/2012,Virgil,Goode,"Goode, Virgil",,CON,6022,,0.24%,
451,P20004263,Tennessee,TN,11/6/2012,"Ross C. ""Rocky""",Anderson,"Anderson, Ross C. ""Rocky""",,IND,2639,,0.11%,
452,P20004693,Tennessee,TN,11/6/2012,Merlin,Miller,"Miller, Merlin",,IND,1739,,0.07%,
454,P80003353,Texas,TX,11/6/2012,Mitt,Romney,"Romney, Mitt",,R,4569843,,57.17%,W
455,P80003338,Texas,TX,11/6/2012,Barack,Obama,"Obama, Barack",,D,3308124,,41.38%,
456,P20002671,Texas,TX,11/6/2012,Gary,Johnson,"Johnson, Gary",,LIB,88580,,1.11%,
457,P20003984,Texas,TX,11/6/2012,Jill,Stein,"Stein, Jill",,GRE,24657,,0.31%,
458,P20004685,Texas,TX,11/6/2012,Virgil,Goode,"Goode, Virgil",,W,1287,,0.02%,
459,P20004263,Texas,TX,11/6/2012,Rocky,Anderson,"Anderson, Rocky",,W,426,,0.01%,
460,P20005260,Texas,TX,11/6/2012,Tom,Hoefling,"Hoefling, Tom",,W,374,,0.00%,
461,P20004479,Texas,TX,11/6/2012,Avery,Ayers,"Ayers, Avery",,W,209,,0.00%,
462,P20003968,Texas,TX,11/6/2012,Stewart,Alexander,"Alexander, Stewart",,W,162,,0.00%,
463,n/a,Texas,TX,11/6/2012,Thaddaus,Hill,"Hill, Thaddaus",,W,102,,0.00%,
464,P20002697,Texas,TX,11/6/2012,Andre N.,Barnett,"Barnett, Andre N.",,W,87,,0.00%,
466,P80003353,Utah,UT,11/6/2012,Mitt,Romney,"Romney, Mitt",,R,740600,,72.79%,W
467,P80003338,Utah,UT,11/6/2012,Barack,Obama,"Obama, Barack",,D,251813,,24.75%,
468,P20002671,Utah,UT,11/6/2012,Gary,Johnson,"Johnson, Gary",,LIB,12572,,1.24%,
469,P20004263,Utah,UT,11/6/2012,"Ross C. ""Rocky""",Anderson,"Anderson, Ross C. ""Rocky""",,JUS,5335,,0.52%,
470,P20003984,Utah,UT,11/6/2012,Jill,Stein,"Stein, Jill",,GRE,3817,,0.38%,
471,P20004685,Utah,UT,11/6/2012,Virgil,Goode,"Goode, Virgil",,CON,2871,,0.28%,
472,P80005572,Utah,UT,11/6/2012,Gloria,La Riva,"La Riva, Gloria",,UN,393,,0.04%,
473,P20002804,Utah,UT,11/6/2012,Roseanne,Barr,"Barr, Roseanne",,W,18,,0.00%,
474,P20003208,Utah,UT,11/6/2012,Jill,Reed,"Reed, Jill",,W,6,,0.00%,
475,P20002697,Utah,UT,11/6/2012,Andre,Barnett,"Barnett, Andre",,W,5,,0.00%,
476,P20005245,Utah,UT,11/6/2012,Will,Christensen,"Christensen, Will",,W,5,,0.00%,
477,n/a,Utah,UT,11/6/2012,Justin,Myers,"Myers, Justin",,W,2,,0.00%,
478,P20004651,Utah,UT,11/6/2012,Stephen,Durham,"Durham, Stephen",,W,1,,0.00%,
479,P20002903,Utah,UT,11/6/2012,Darrell,Hykes,"Hykes, Darrell",,W,1,,0.00%,
480,P20004172,Utah,UT,11/6/2012,Dean,Morstad,"Morstad, Dean",,W,1,,0.00%,
482,P80003338,Vermont,VT,11/6/2012,Barack,Obama,"Obama, Barack",,D,199239,,66.57%,W
483,P80003353,Vermont,VT,11/6/2012,Mitt,Romney,"Romney, Mitt",,R,92698,,30.97%,
484,P20002671,Vermont,VT,11/6/2012,Gary,Johnson,"Johnson, Gary",,LIB,3487,,1.17%,
485,P20004263,Vermont,VT,11/6/2012,"Ross C. ""Rocky""",Anderson,"Anderson, Ross C. ""Rocky""",,JUS,1128,,0.38%,
486,P80000748,Vermont,VT,11/6/2012,Ron,Paul,"Paul, Ron",,W,717,,0.24%,
487,n/a,Vermont,VT,11/6/2012,,Scattered,Scattered,,W,710,,0.24%,
488,P20004636,Vermont,VT,11/6/2012,Peta,Lindsay,"Lindsay, Peta",,SLP,695,,0.23%,
489,P20003984,Vermont,VT,11/6/2012,Jill,Stein,"Stein, Jill",,W,594,,0.20%,
490,P20004685,Vermont,VT,11/6/2012,Virgil,Goode,"Goode, Virgil",,W,13,,0.00%,
491,P20002804,Vermont,VT,11/6/2012,Roseanne,Barr,"Barr, Roseanne",,W,9,,0.00%,
493,P80003338,Virginia,VA,11/6/2012,Barack,Obama,"Obama, Barack",,D,1971820,,51.16%,W
494,P80003353,Virginia,VA,11/6/2012,Mitt,Romney,"Romney, Mitt",,R,1822522,,47.28%,
495,P20002671,Virginia,VA,11/6/2012,Gary,Johnson,"Johnson, Gary",,LIB,31216,,0.81%,
496,P20004685,Virginia,VA,11/6/2012,Virgil,Goode,"Goode, Virgil",,CON,13058,,0.34%,
497,P20003984,Virginia,VA,11/6/2012,Jill,Stein,"Stein, Jill",,GRE,8627,,0.22%,
498,n/a,Virginia,VA,11/6/2012,,Scattered,Scattered,,W,7151,,0.19%,
499,P20004263,Virginia,VA,11/6/2012,"Ross C. ""Rocky""",Anderson,"Anderson, Ross C. ""Rocky""",,W,76,,0.00%,
500,P20003208,Virginia,VA,11/6/2012,Jill,Reed,"Reed, Jill",,W,14,,0.00%,
501,n/a,Virginia,VA,11/6/2012,Joseph A. /Darlene Herleikson,Glean,"Glean, Joseph A. / Darlene Herleikson",,W,3,,0.00%,
502,n/a,Virginia,VA,11/6/2012,Joseph A. /Jamie Johnson,Glean,"Glean, Joseph A. / Jamie Johnson",,W,1,,0.00%,
503,P20002630,Virginia,VA,11/6/2012,"Sheila ""Samm""",Tittle,"Tittle, Sheila ""Samm""",,W,1,,0.00%,
505,P80003338,Washington,WA,11/6/2012,Barack,Obama,"Obama, Barack",,D,1755396,,56.16%,W
506,P80003353,Washington,WA,11/6/2012,Mitt,Romney,"Romney, Mitt",,R,1290670,,41.29%,
507,P20002671,Washington,WA,11/6/2012,Gary,Johnson,"Johnson, Gary",,LIB,42202,,1.35%,
508,P20003984,Washington,WA,11/6/2012,Jill,Stein,"Stein, Jill",,GRE,20928,,0.67%,
509,P20004685,Washington,WA,11/6/2012,Virgil,Goode,"Goode, Virgil",,CON,8851,,0.28%,
510,P20004263,Washington,WA,11/6/2012,"Ross C. ""Rocky""",Anderson,"Anderson, Ross C. ""Rocky""",,JUS,4946,,0.16%,
511,P20004636,Washington,WA,11/6/2012,Peta,Lindsay,"Lindsay, Peta",,SLP,1318,,0.04%,
512,P60004454,Washington,WA,11/6/2012,James,Harris,"Harris, James",,SWP,1205,,0.04%,
514,P80003353,West Virginia,WV,11/6/2012,Mitt,Romney,"Romney, Mitt",,R,417655,,62.30%,W
515,P80003338,West Virginia,WV,11/6/2012,Barack,Obama,"Obama, Barack",,D,238269,,35.54%,
516,P20002671,West Virginia,WV,11/6/2012,Gary,Johnson,"Johnson, Gary",,LIB,6302,,0.94%,
517,P20003984,West Virginia,WV,11/6/2012,Jill,Stein,"Stein, Jill",,MTP,4406,,0.66%,
518,P20002424,West Virginia,WV,11/6/2012,Randall,Terry,"Terry, Randall",,NPA,3806,,0.57%,
520,P80003338,Wisconsin,WI,11/6/2012,Barack,Obama,"Obama, Barack",,D,1620985,,52.83%,W
521,P80003353,Wisconsin,WI,11/6/2012,Mitt,Romney,"Romney, Mitt",,R,1407966,,45.89%,
522,P20002671,Wisconsin,WI,11/6/2012,Gary,Johnson,"Johnson, Gary",,IND,20439,,0.67%,
523,P20003984,Wisconsin,WI,11/6/2012,Jill,Stein,"Stein, Jill",,IND,7665,,0.25%,
524,n/a,Wisconsin,WI,11/6/2012,,Scattered,Scattered,,W,5170,,0.17%,
525,P20004685,Wisconsin,WI,11/6/2012,Virgil,Goode,"Goode, Virgil",,CON,4930,,0.16%,
526,P20004677,Wisconsin,WI,11/6/2012,Jerry,White,"White, Jerry",,IND,553,,0.02%,
527,P80005572,Wisconsin,WI,11/6/2012,Gloria,La Riva,"La Riva, Gloria",,IND,526,,0.02%,
528,P20004263,Wisconsin,WI,11/6/2012,"Ross C. ""Rocky""",Anderson,"Anderson, Ross C. ""Rocky""",,W,112,,0.00%,
529,P20002804,Wisconsin,WI,11/6/2012,Roseanne,Barr,"Barr, Roseanne",,W,88,,0.00%,
531,P80003353,Wyoming,WY,11/6/2012,Mitt,Romney,"Romney, Mitt",,R,170962,,68.64%,W
532,P80003338,Wyoming,WY,11/6/2012,Barack,Obama,"Obama, Barack",,D,69286,,27.82%,
533,P20002671,Wyoming,WY,11/6/2012,Gary,Johnson,"Johnson, Gary",,LIB,5326,,2.14%,
534,n/a,Wyoming,WY,11/6/2012,,Scattered,Scattered,,W,2035,,0.82%,
535,P20004685,Wyoming,WY,11/6/2012,Virgil H.,Goode,"Goode, Virgil H.",,CON,1452,,0.58%,
